99.0,1.0,1.0,1.0,1.0,1.0,1.0,1.0,1.0,1.0,1.0,1.0,1.0,1.0,1.0,1.0,1.0,1.0,1.0,1.0,1.0,1.0,1.0,1.0,1.0,1.0
0.0,0.04000000000570951,0.08000000001141902,0.12000000001712853,0.16000000002283804,0.20000000002854756,0.2400000000342571,0.2800000000399666,0.32000000004567614,0.36000000005138566,0.4000000000570952,0.4400000000628047,0.48000000006851423,0.5200000000742238,0.5600000000799332,0.6000000000856427,0.6400000000913522,0.6800000000970616,0.7200000001027711,0.7600000001084806,0.80000000011419,0.8400000001198995,0.880000000125609,0.9200000001313184,0.9600000001370279,1.0000000001427374
0.0,6.966658806012052,12.123855251563935,15.707448106759887,18.206363189274697,19.965388482850422,21.22601762756391,22.173443765940398,22.925594360837582,23.567785265512622,24.15978583373462,24.771293302710937,25.386175890940017,25.9798289848666,26.563922521125114,27.112066252732177,27.627766899805934,28.17158780271205,28.78683963841315,29.536256245560264,30.523486473874673,31.909998703994997,33.91862716632124,36.87983105997379,41.34043959251926,48.21800946694708
-0.3589376333176503,-0.34181055933972165,-0.2970714050753741,-0.23643018264857524,-0.17150235582343482,-0.11011615355063123,-0.057056684979628756,-0.0144680715710705,0.01689299199308185,0.03729037124118674,0.04822172796447175,0.05134456656478517,0.04863964718720719,0.04260613875587737,0.035916381856068276,0.029724044389969607,0.023968139056316375,0.018622634270635215,0.013872746333829155,0.009870412412616708,0.006654810089700354,0.004254419140843953,0.002423133636184398,0.0010610252435160274,0.00024289366940582216,-1.7342239350138265e-07
0.8931655929190325,0.9044136142638396,0.9238032084271187,0.9478561668234542,0.9748113804525942,1.002862834801712,1.0299734310951103,1.054395733061822,1.074462028452984,1.089278666479667,1.0988731896940787,1.107153320665247,1.1164752522248491,1.126264660416617,1.1354769970697207,1.1400367710128925,1.1325725770202935,1.109625857140744,1.071871406855772,1.0225861485536127,0.9660875390724971,0.9069225288759466,0.8500424178279701,0.8012596601317717,0.7678051058193165,0.7600037385358793
1.4267461778596497,1.4505200006245595,1.5029282860486861,1.5747259787409016,1.658438744578068,1.7472538359675767,1.8362987791914012,1.9219013436915884,1.9992426297467536,2.0651110897550153,2.1191262303084644,2.167147554386579,2.212080725716906,2.251673091419074,2.2828888779592162,2.2977011281758246,2.284090987615765,2.2372044076166424,2.159514560782407,2.0581542932052357,1.9422247191293363,1.8213697886747815,1.7058912619009723,1.607001090199178,1.538515969442766,1.520008109277063
0.24350409139596138,0.2448801198229011,0.24738017545291593,0.24982007998440856,0.24995254801101435,0.24641835375635382,0.23838709973499816,0.22582660850815378,0.20860483835727578,0.18702184424227528,0.16250623610889003,0.13646575731685628,0.1103790665066322,0.08617770139221315,0.06589102088140024,0.049884568076333166,0.0371926442851369,0.026987101956572526,0.01891417682771221,0.012736934863134975,0.008149892702196026,0.004911177821971422,0.002621763873415898,0.001075472734806766,0.00023284546564486481,6.9896828314392e-07
1.176073587863579,1.1866473293309896,1.1972488470155631,1.2068950271386714,1.2170124395810529,1.2282211060451658,1.2384787256907301,1.2445190493805847,1.2439417670582598,1.2359439452555991,1.2204808326134404,1.2037450837797865,1.1898524037249651,1.1793298630812377,1.1726224838009682,1.1665637080566038,1.1520301511317754,1.124320894693842,1.0833051793097392,1.0316881806093479,0.9732877048072905,0.9122323371487306,0.8532509822680009,0.8024386662585912,0.7675260628669036,0.7600053560534609
1.8428194874178758,1.8725678411561748,1.9252747014888274,1.9913001095484482,2.065069490487351,2.14175347000373,2.2146206561418746,2.2764425345313524,2.321644434847929,2.3480427790077494,2.355817397198247,2.3561851383400434,2.356192316510226,2.356152851583446,2.356194404095665,2.350188348014841,2.322678047545104,2.266394652204136,2.1822503832308415,2.076265722828156,1.95655988053007,1.8319475447147966,1.7122870882237184,1.6093531279826787,1.5379586133723875,1.52001133955816
-0.24350392752129363,-0.2303151551735498,-0.19743666922669328,-0.1532677294162312,-0.10614685127478031,-0.06152746663087033,-0.022849125449663058,0.008294743648061993,0.031109370220956896,0.04553105794358501,0.05258725946302245,0.053419892067842034,0.04949830674312615,0.04289246072373319,0.03596451398315452,0.029689363245336664,0.023918021238229316,0.018581832708819333,0.013846317411907784,0.009855801669168688,0.00664776230995492,0.004251289911721589,0.00242185180770186,0.0010604115576755527,0.00024239397278200649,-6.728804853788372e-07
0.6667451787827429,0.6880255645459897,0.7341114907857789,0.7956480824575825,0.8643198793784075,0.9330399672487658,0.9962700140954238,1.050193856594676,1.0911750665790112,1.1175496713266682,1.1307776141988422,1.1374890635282788,1.1421189643526455,1.1458472922418956,1.1496784509338385,1.1500189292736736,1.1390395928790875,1.113304439966434,1.0736319962541663,1.0232162715930624,0.9661652965165111,0.9068438217616273,0.8499544944983193,0.8012001395727961,0.7677832153761899,0.7600044284806398
1.8428190868471432,1.8668331880893956,1.9163789347491675,1.9834708132120369,2.0601710371513113,2.1382915929793453,2.211516624567746,2.2751913351350126,2.3220741953008472,2.3479901741023816,2.3555826730308476,2.3561407297611305,2.3561943697701264,2.356194438353616,2.356194428740597,2.347880575538719,2.3168772979631087,2.257147931195945,2.170643828710681,2.0637550872130537,1.9446525482519057,1.822214248668025,1.706019695741356,1.606904651792835,1.5384567578806838,1.5200105218968423
0.3589378474327846,0.3533706527760086,0.33926388801122587,0.321365965366408,0.30193240522635684,0.2818666148888402,0.2610894690970284,0.23937316631442387,0.21597664506642056,0.1905415173307582,0.1638495501689986,0.13675322796330305,0.1102696301974051,0.08598497063408132,0.06571395907109535,0.04974522929642465,0.037095294779237856,0.026926603251964432,0.018880606710138845,0.01272034998886885,0.008142691751127322,0.0049083765043823014,0.002620901731785008,0.0010752943091902722,0.00023279461410036963,6.529092536849365e-07
0.5335808688768543,0.5619578911759235,0.6192453742984867,0.6933025239414509,0.7755279640074424,0.8597347335130467,0.9395335413443057,1.0092469729476297,1.0649220049064272,1.1042262662397961,1.1263185047924955,1.137525937594127,1.1434001977575858,1.1466055457274136,1.1500529771386143,1.1516905859800421,1.1425999803349987,1.118509120985316,1.079793109912258,1.0295837199063262,0.9720631234364622,0.9116262719295375,0.8530129829596534,0.8023671207252819,0.7675092990095704,0.7600037037325185
1.4267480269954478,1.4660517729061149,1.548871154939738,1.6594893554363246,1.7851937970950897,1.9159950085925908,2.041877041339018,2.1535126097980037,2.242675059252013,2.304012427713201,2.336081537594461,2.35010667777207,2.355447769122781,2.3560431572571567,2.3561488377623805,2.350828408641113,2.323775339798512,2.267409780187809,2.1828554400316693,2.0764037703071336,1.956384464261114,1.8317383057339154,1.7121170320044103,1.609234459573563,1.5379114942423524,1.520010947285793
0.0,9.528663217404369e-05,0.0006920823052667922,0.0016520554758298893,0.0027712070576703693,0.003948862792778227,0.0051101649342872035,0.006196433273805313,0.00719303828603809,0.008096413492242754,0.008890461882362559,0.009458413908638906,0.00968771911759938,0.00953085935439369,0.00896488986182842,0.008058824007965952,0.007001300710999069,0.0059324902745646006,0.004908821972570047,0.003941848407996185,0.003036637893729223,0.0022166649944435793,0.0015040004278813596,0.0008852041562471138,0.0003633154941693046,0.0
0.0,-0.0002559945597695131,-0.0007308346400116198,-0.0013295803857699586,-0.0020235983392632205,-0.0028184196830034094,-0.0036441900877954812,-0.0044107667669864075,-0.0050613025805393294,-0.005543578842801911,-0.005810556048530334,-0.0058334275530873255,-0.005610978294954757,-0.005175479054534644,-0.0045697838945695105,-0.0038698381731892273,-0.0031496787937728577,-0.002459961405110708,-0.0018431046032003498,-0.0013239325519746636,-0.000902959764745447,-0.0005736313845185684,-0.00032350338645587766,-0.00014318001957516562,-3.459035604958168e-05,0.0
0.283836,0.28852700203323034,0.29838593203626346,0.31106878325468756,0.3246698359948427,0.3377718904744643,0.3494007791230438,0.35899986183383004,0.3662302778342123,0.3711066744351816,0.37394393279236104,0.37574178196607716,0.37711297594057985,0.3781525363286037,0.37892540969681215,0.3789149238716209,0.37694181901256124,0.37228647171834106,0.36465327975366046,0.3540911848407185,0.34099001997566575,0.3261254108746819,0.3107534682876985,0.29671175166583713,0.286541714001408,0.283836
0.0,-0.006448591911502981,-0.021930703991752752,-0.04241434945711464,-0.06322559840875712,-0.08114826882276889,-0.09419688210934142,-0.10166892031196356,-0.10314868541526416,-0.09879516365298933,-0.08986396831207943,-0.07770424181182983,-0.06377636282818455,-0.049950933375358414,-0.03828336240763703,-0.029221347527259148,-0.02200056531081684,-0.01607219997898441,-0.011275164875026845,-0.0075351479439993655,-0.004742255536467887,-0.002819699868414975,-0.0014802461981546567,-0.0005853515954294379,-0.0001168986979124781,0.0
0.0,0.0030381707375802375,0.0074853044487021,0.012109891437547132,0.01644797504509865,0.020405669265728555,0.023305013892619006,0.024457433247963692,0.02410916457451238,0.022639538476234008,0.019956090142531836,0.016460089961112055,0.012670598457642379,0.00909155060105466,0.006327094753005348,0.004820279463594119,0.004101640027121297,0.003804593157824422,0.0036813250934798762,0.0035695858129893266,0.0033257302881174334,0.00279405957621364,0.0018660772862413347,0.0007387118971408211,-0.00018081804768491625,0.0
0.39269908169872414,0.38719908468539416,0.3683305498974981,0.33934222764429983,0.3040026156881122,0.2655091282059405,0.22644979673851381,0.1887626441869105,0.15355512086050346,0.1216526395601935,0.09374531623656891,0.07031828463336728,0.05129765011192938,0.03636186412860904,0.025091605273589838,0.01688950536959237,0.011030570698465454,0.006897757910967768,0.004077355628595231,0.0022547059487095233,0.0011345278650181333,0.0004775958273011449,0.00013777947985793744,9.281678901124188e-06,-6.930440429576831e-06,0.0
0.0,0.7792393010406918,1.3746168275384916,1.6241192029834395,1.6279169159985598,1.4764146119793309,1.2313654156831686,0.9623896877955445,0.685933489552907,0.42372251831430513,0.20199538908261647,0.014517525228489842,-0.11625433744666845,-0.18081650341171604,-0.17880899069967096,-0.1575114741621725,-0.14508986168658067,-0.13310546565660755,-0.11535312740266451,-0.09491306622368717,-0.07439628751824634,-0.052971926068849116,-0.04212223695793138,-0.029331933680222223,-0.014684476635872763,0.0
0.0,0.3502846592637091,0.5079019828313118,0.6206145788118799,0.6861013653637312,0.7075775501724634,0.6820078447798279,0.6164529802072245,0.5071472972802274,0.37604363349827713,0.24437473114291405,0.22378866712356105,0.25444612432140007,0.26066321766547834,0.23962374377137963,0.10968970912306147,-0.21353000912803297,-0.6163960366576542,-0.9950274561959467,-1.2827293646940325,-1.452809121710243,-1.500727178351868,-1.413172630827993,-1.1671635889636718,-0.7269796928521922,0.0
0.0,0.9165604906617469,1.5266889305753557,1.9406338817677704,2.179602675686163,2.259801908925983,2.236796231212372,2.1300015225508484,1.9023184111483225,1.6008465718254055,1.2956850056825286,1.1680792298508982,1.097058384200667,0.952512033725874,0.7330016940599277,0.30392907019314847,-0.4385204947020468,-1.2923619948328255,-2.0723027032020944,-2.6544218775410466,-2.987007910676268,-3.0577740184189204,-2.8487479511356044,-2.3377205262522214,-1.4459639351113376,0.0
0.0,0.00034545807982292354,0.05335597491629758,0.035436918208412015,-0.03156195256703597,-0.12320370818135744,-0.23612564914279888,-0.33916771045957084,-0.4515253753539069,-0.5504288342812411,-0.6133265845926372,-0.6500762201546675,-0.6415703363492479,-0.5813362495000609,-0.4721137478156925,-0.36554478718847117,-0.29172855604822434,-0.23555604616702433,-0.18365235625259094,-0.13835598151417947,-0.1012325389331014,-0.06893982786030145,-0.04964242948979432,-0.031287275826618825,-0.014013978961652226,0.0
0.0,0.1908822798172485,0.17407178952575308,0.19941565470122305,0.2443239438403355,0.2944797926002626,0.27722124462865116,0.17548590361128097,0.013530744582620957,-0.16408995015990324,-0.3479630294381862,-0.370927600668563,-0.2979231468592755,-0.21919954538419037,-0.13019284285044058,-0.12602313446065974,-0.36167290521118883,-0.7099224766624533,-1.0555433802675032,-1.326468543575768,-1.4929014448436908,-1.54724540986596,-1.4705772798966559,-1.225379041847091,-0.7726394404429383,0.0
0.0,0.9456031679909621,1.4059808356740053,1.708685861987097,1.877247455746553,1.9324748530764422,1.8150755380162014,1.5262139780720476,1.1076555412776725,0.6476769348995134,0.18970994738864938,0.026798755121956126,0.023040508152437668,0.013191482337461482,0.006874501237534628,-0.159286415912132,-0.7302250611358244,-1.4769763517316026,-2.1920323487276288,-2.741107235672188,-3.066584920895455,-3.150283375301715,-2.963099462569191,-2.453830818039473,-1.5371601569976452,0.0
0.0,0.5559773201320289,0.9941603217120091,1.1765578777622467,1.18320760294999,1.0808618034318207,0.9067154530941799,0.713347688342803,0.5054877305067835,0.3017625180678566,0.12588109859921912,-0.028273184771474096,-0.13750618183221144,-0.1899394915761814,-0.1821753917061257,-0.15841443320988505,-0.14500065286057506,-0.13271885834491937,-0.11497981546098097,-0.09465176484058412,-0.07424642849051567,-0.0529028320997392,-0.042091582655834056,-0.029323942794007,-0.014684127021670487,0.0
0.0,0.7971927381388632,1.330002771506796,1.6359634273074528,1.7474127778405635,1.699178520486493,1.534624667112602,1.2925559003369922,0.9658572244675556,0.6072370724595822,0.29282673935976034,0.1534136654469916,0.11585142423834835,0.0995654894661154,0.10858796433131468,0.012172955231986022,-0.29322717077603205,-0.677828501575872,-1.0359619376048645,-1.306065601151078,-1.463524129486065,-1.5027471082547876,-1.4135647102211897,-1.1668750861428279,-0.7265425914853064,0.0
0.0,0.7978962799740491,1.3841323043252411,1.7733326932340494,1.9644736377729213,1.9567596672063101,1.8108771992762438,1.5610048350231265,1.1210951983048831,0.5970987376662787,0.15736214154042755,0.0182044922465963,0.023916558106015052,0.02602695509511244,0.03035697947900299,-0.2022458948910958,-0.8169394057707193,-1.5683771840931053,-2.2564920811147555,-2.766390430300451,-3.0489593546379603,-3.0860605441841136,-2.8610147634858167,-2.340154322984333,-1.4440847215262533,0.0
0.0,-0.3140140891740548,-0.4367985913050134,-0.48275768442778405,-0.4941417689582885,-0.49506379102910164,-0.5122414983183363,-0.5316751859961867,-0.577889676420293,-0.6263221899228973,-0.6540088416156367,-0.6677843637840776,-0.6467243235936544,-0.5812536927019667,-0.4709181637176168,-0.3643243533148187,-0.2906195807144345,-0.23468233554788603,-0.18306550336831368,-0.13801262069189488,-0.10105684532436812,-0.06886529431963737,-0.049610904147577885,-0.031278915320034746,-0.014013275288763762,0.0
0.0,1.030792106276556,1.629350253929306,1.9632707680430663,2.1069841710959283,2.115145422173488,1.973115634478017,1.704092616465845,1.34879403718152,0.9367352958914027,0.5066187364840906,0.2454742522862573,0.12304159628635243,0.06375081666739923,0.07887693350387659,0.030729176051943682,-0.2539922396157115,-0.6409545699241733,-1.0143397366199869,-1.3022435877160798,-1.4774230940416824,-1.5354548485504569,-1.4651221028689367,-1.2236927680539162,-0.7726645230886675,0.0
0.0,1.445590419503866,2.3906730762584205,2.9636189508627515,3.2501791002816782,3.312329339733058,3.1363554695841893,2.745804747081656,2.1631189588915345,1.4548951435996802,0.7215152374055345,0.29106719763347727,0.09257272698966174,-0.01454759962063549,-0.01297707032660957,-0.15804366141505077,-0.7354827536026585,-1.4933382814042944,-2.2125700422900247,-2.75821811181669,-3.076218323491943,-3.150938280946892,-2.9636582220536787,-2.4534683710996634,-1.5362030210777045,0.0
0.0,0.010223033719118448,0.022527437553020998,0.0277600219812447,0.029714483457129657,0.02985888177399006,0.028032819242031912,0.02522231388103064,0.022567529451269414,0.020020502589807133,0.017089703359734382,0.010364637389885533,0.0009814666573816444,-0.009063628168207867,-0.019524472885534806,-0.0274156923144197,-0.029820331087718054,-0.029108963019958165,-0.027219129884376293,-0.025011404396591,-0.02252377693294802,-0.019080202617474992,-0.01534757337429614,-0.012200021439404971,-0.00768005902229177,0.0
0.0,-0.009678048557020605,-0.013794914043778387,-0.016397296828346786,-0.018646398117544698,-0.02114162743734811,-0.02058380720709597,-0.018371973407041553,-0.014139654062815345,-0.009320164766778114,-0.0035055115242493507,0.0028659150314266735,0.008505137769539556,0.012992452196675755,0.016379182627312805,0.017684634874848726,0.017526791625776146,0.016287152950873907,0.014064747745423524,0.011616686256237503,0.009336213478865705,0.007160326925882721,0.005452249082426926,0.0037013328796377614,0.0018808878731252816,0.0
0.0,0.17563641299615446,0.2805082172774944,0.3306836404720207,0.33870762822979533,0.3169709270001094,0.2760688561043865,0.22523300366257612,0.16797019472674438,0.11208184106914007,0.06380352636274364,0.041188432983621445,0.032205828097711095,0.024329405959424916,0.01809254797031576,-0.0025233558426709457,-0.05527638566923509,-0.1277253646824685,-0.20871276215899215,-0.28708314196183166,-0.35173772198736547,-0.39147977979634196,-0.3933768442959754,-0.3424366336628866,-0.22066390930306626,0.0
0.0,-0.23740717309416362,-0.4550693107633135,-0.5322194752036707,-0.5064697121226255,-0.41530903244842954,-0.28353901482722865,-0.1475936259060583,-0.0025310727478236004,0.13469092399463392,0.23951993864643983,0.31867548717120986,0.35518492781645394,0.3414755872887163,0.2764653375577419,0.2105181701992731,0.16997027613934135,0.14079135295779932,0.112620482647893,0.08621981721135316,0.06286165980028378,0.0409882944589597,0.029614834038482894,0.018384644932020924,0.007878604026930268,0.0
0.0,0.09162676781698081,0.11201421449970078,0.11202115205502731,0.10281123111243905,0.09276814041168929,0.06468829331917139,0.022331655842506102,-0.009704044055963824,-0.0340825935264959,-0.06353439963214462,-0.08603475565507761,-0.09417606484276121,-0.08863206184615326,-0.06794533131004088,-0.0355018938173666,-0.01504193496925602,-0.004123735329054633,1.518920795449719e-05,-0.0007411846534490063,-0.006090396819287559,-0.016223315612514982,-0.029296083821919717,-0.03530331655991399,-0.030105659157015845,0.0
0.0,-0.34096543856714934,-0.6409654760127593,-0.8373083462486628,-0.9482249202700864,-0.9858118095701552,-0.9683592631338633,-0.9121063982016915,-0.8405514924209618,-0.7506484406934885,-0.6480021625216038,-0.5374246956055397,-0.42960840025162444,-0.3306731827950451,-0.24388168893129292,-0.17411744291213024,-0.12368572870908993,-0.0866395068996375,-0.05740747851645402,-0.03588696572532681,-0.021470707200029287,-0.01215675360532705,-0.0053967998611626055,-0.0013187026886057782,0.00042692486198985994,0.0
0.0,13.72605532073991,9.501853313859367,4.067501555293183,0.3425663576087632,-1.8724864105060428,-3.118745123905483,-3.3383285144644206,-3.20524762181538,-2.8613708190247653,-2.4717245162999117,-2.1581647956853613,-1.7343706702237776,-1.284658599015117,-0.8074937325404725,-0.5111532890964489,-0.3939018883234297,-0.24202568262776616,-0.06843855722063284,0.04063842523517845,0.10447780540173639,0.16629895234485867,0.08562525634889404,0.1358448553364353,0.18829437121345793,0.21535984689641718
0.0,-0.2721910091762256,-0.7624025495003964,-0.32339201854903044,-0.09243389512937826,0.10223248719537707,0.30050493848216386,0.35309375329649045,0.07838687775868385,-0.3411596832670803,-0.6520127612107505,0.17397793432005357,0.7730370117565013,0.7705539583316227,0.681067547575024,-0.37569779724641855,-2.3840357890591375,-3.085140816114733,-2.6082243565351138,-1.7993989036501319,-1.226490400671239,-0.9325773644432905,-0.5896267393152519,0.008834059088480808,0.786076887993379,2.034131769490909
0.0,9.670709951142685,6.960846091253722,4.8334836822054275,3.2206520096015634,2.034885945040342,1.2162878963025654,0.5391813807657021,-0.3308462073983223,-1.3358499182555115,-1.8827973801784001,-1.200400124725346,-0.8802768859042753,-1.2367492520836412,-1.7062137920933735,-3.455428449270158,-6.077068248859017,-6.794050911491065,-5.73063559994421,-4.136280474671146,-2.838492910730451,-1.7408388708773201,-0.37296405168436214,1.6347358055796102,4.701616854997125,9.485490629874509
0.0,-3.5856564732585303,-2.513837178359262,-2.2437705625727795,-1.8508427565993546,-1.264827010589435,-0.869724860243604,-0.32105028662205254,-0.1931188115522,0.0013674331653960243,0.12663716170582995,0.1428301266868404,0.3843997222604252,0.659819683844788,0.8901930949846608,0.8400968632450472,0.5614507185134157,0.4313463380760573,0.4705280491919742,0.458378379598263,0.4015378960078465,0.37349017619617164,0.25422520626434447,0.25282830241947507,0.2461209301964463,0.205011217781344
0.0,-8.464631350372311,-6.723947869909948,-3.617545546392871,-1.4106340236390544,0.11098504287757836,0.799233685818986,0.6722076489081736,-0.17652789474770247,-1.0541042496034532,-1.7964991396917531,-0.15975727587921584,1.1873869242575505,1.551797682194507,1.9819054595412453,0.983115465875815,-2.120865449905004,-3.3235766897590984,-2.863915271900269,-1.8932394569252151,-1.1925826591706552,-0.8706184223335075,-0.5874281252881998,-0.10126194582699308,0.5108176173072588,1.6155635751364665
0.0,0.7721989509219419,-0.4190039451419344,-0.23527353866010264,-0.041196997866333636,0.17838714049125665,-0.07051254540461772,-0.9649714657013989,-2.5779377399746175,-4.090545786220322,-5.118883552877244,-2.4038065056561444,-0.33101156096388124,0.16885086457573956,0.7963430021059321,-0.8119789488744878,-5.599838798536942,-7.294822002661542,-6.250226935477849,-4.325047307484129,-2.770574187061189,-1.6189540952764616,-0.3722338873201826,1.410943540949288,4.149805818996329,8.641034485874851
0.0,7.648490309119966,5.5988886176860735,2.4971499150088947,0.43818114292338084,-0.7772586213587318,-1.5874873552446185,-1.7830161822851043,-1.8538204481549092,-1.7772226589391666,-1.6672278804834526,-1.6011821945054276,-1.38615911910971,-1.091412373136696,-0.7122988928187851,-0.46878714771649427,-0.37699251566658276,-0.23697521428463927,-0.06845197101484536,0.039053659948564565,0.1028791790364167,0.1652281504116488,0.08498285299065915,0.13551619035609425,0.18821350447049343,0.2153514084455081
0.0,6.898606480681047,4.5701574337422874,2.315513531025288,0.51050459664027,-0.6827058207197846,-1.20410760737715,-1.4117208486628818,-1.7108060756022438,-2.064349005640492,-2.0270354668060326,-0.7767072746894209,0.051545320325427,0.19742400393087953,0.3437240599127734,-0.6743555971401995,-2.6597362479340085,-3.1941823368214735,-2.6029084525757944,-1.7697518086954382,-1.2126005739294548,-0.9408392195947021,-0.6363984723383944,-0.04417265995758067,0.7356056060710409,1.990813690725053
0.0,0.5260424148944165,0.4085101528939887,0.35252451707084037,0.29689993086536387,0.36734704681780905,0.6341334236122739,0.7836707239111789,0.06740816188554188,-0.8578027497104949,-0.974575737430717,0.31642342461935896,0.9304604484832721,0.6218254061658838,0.2375972568420406,-1.9912834755567081,-5.205976097846185,-6.021517080754973,-4.92527374337418,-3.456686863989249,-2.3664444655360373,-1.4446584566824254,-0.20975010613867856,1.7080206043127397,4.6895128164301525,9.383508060362708
0.0,-9.099190567262102,-5.146990939866743,-2.317627384786088,-0.5457937048750773,0.5565275084374769,0.9264736124114522,1.1863514140863545,0.9520517861684955,0.8227374428815203,0.6746851835960084,0.4694828076946182,0.5523595433329437,0.7317552350120734,0.9155927468526004,0.8489973065705545,0.5635948981075297,0.42920364955534634,0.46681828106605877,0.4550336600054255,0.3992099874589328,0.3721874361314773,0.2535339399181773,0.2524985906270343,0.24603830319882264,0.20500110391188875
0.0,8.400584604125244,5.835203568085682,3.7576888259628447,2.2221401203350335,1.1006797367532886,0.2293530455842345,-0.7222169256568293,-1.7868595613691152,-3.1213731014633743,-4.232568839513486,-2.63210464404706,-1.186346471647393,-0.6829596614511284,0.03262300130473527,-0.7159160091090673,-3.510713391955708,-4.37090656822123,-3.6590944558851,-2.4490276980094943,-1.5496499242415491,-1.1010083061510285,-0.7804504676990841,-0.24090186197740576,0.4212415001400872,1.579259145594649
0.0,12.257307202936026,9.460085755395278,6.528578526697252,4.473964717823802,3.05129074896119,1.8265662891818375,0.28294163363191016,-1.7988553722976166,-4.398593102410993,-6.476191599390304,-4.233504267068797,-2.14678235841222,-1.5300409201767806,-0.6269878161602,-2.2042790930591405,-6.945145515461572,-8.374673359486197,-7.027767736568879,-4.806699136958306,-3.036541911933874,-1.7662930538482589,-0.5021629771170734,1.3104761651669985,4.059519057995359,8.553190515140349
0.0,0.48397313864057406,0.4271131155796528,0.23284465351361583,0.12254841928783028,0.04674791951558654,-0.02881707576205786,-0.0764123398201562,-0.09455839441472315,-0.09959875644856456,-0.10694970686945278,-0.16767696894460227,-0.22272266727062895,-0.24849394064735664,-0.26614201471027216,-0.23331218452005778,-0.15414919725712825,-0.11200787756681113,-0.09590794349678815,-0.07640478942349005,-0.03470917459347447,0.04256065747831654,0.12412302299821859,0.21250213045098956,0.3876842170812411,0.6812682089772736
0.0,-0.14074559235431508,-0.11767001606897001,-0.099474566054093,-0.09074028880035241,-0.08104714361374649,-0.01326865463604543,0.03304000442609322,0.1097216523971657,0.14671701233555995,0.16458224106979835,0.1722004222338918,0.14305368124928336,0.09587593392700618,0.047567775566379276,-0.001864703469112,-0.03081171427658512,-0.05210878295128029,-0.06934091504749926,-0.06755738530653135,-0.05702350317568941,-0.049368159146374706,-0.03510106244883174,-0.0344635686974794,-0.035173514404316486,-0.03672360053185262
0.0,1.583567809204338,0.8619185731399059,0.19469405868934353,-0.26105915021576737,-0.5110784807098172,-0.5984624184171881,-0.5953701882502139,-0.5640498103476541,-0.5269341115332218,-0.4684801064151401,-0.25305104185017957,-0.11714292997575089,-0.08682744546098575,-0.05573653607547641,-0.18523167114895628,-0.5118940452446771,-0.7377784414901802,-0.8949030289676209,-1.01271320104896,-1.0684283260594327,-0.9973283693957592,-0.7357068773515116,-0.25297950582240747,0.4444934014393132,1.3051155544383573
0.0,-1.1021332352100575,-0.9339135363794325,0.06925295644684983,0.735576195145794,1.0057768472802566,1.0656098249348036,0.8285592140222803,0.6580543728301017,0.47783750939253494,0.34763667669338355,0.28421832314551776,0.14350457563703087,-0.0005296793823281476,-0.17262153233003522,-0.13798149447854274,0.02637120575228968,0.05835214041716423,-0.01793866178173426,-0.0829025326223531,-0.12120143004755235,-0.15778587204107727,-0.09513345169386943,-0.10624538749823412,-0.10630471021970023,-0.08267112575052443
0.0,0.08221813602549284,-0.06782219551499878,-0.14447554212799849,-0.22862976355475975,-0.31962298823728263,-0.4107270451073528,-0.5084997459567053,-0.5345371766311732,-0.5663781028207056,-0.6694326441400699,-0.39273151719454474,-0.13447067246826447,-0.002336819159761251,0.17912075752209772,0.2235907476821894,-0.11181294445641782,-0.2607986281276839,-0.2559879607367051,-0.17749034138769482,-0.11404018107010436,-0.11031224971161029,-0.16197327815576987,-0.21328795796599517,-0.265295185232282,-0.29682274784330664
0.0,-10.609176429908791,-8.697811119263312,-5.968271958422946,-3.5903165737917777,-1.5514764152191336,-0.03654995876815619,0.9501507982661405,1.3337350418443565,1.567873585692031,1.646379490680215,1.6334375363185922,1.6066726034122423,1.530802161693539,1.3753411120182863,1.108827770549654,0.789625283872895,0.5751682576415449,0.4733479707758991,0.36941243458507933,0.26043354705959126,0.1760257697138105,0.12994183057013498,0.08108600783342074,0.03675477660408282,-0.0063750616368169165
2.919380900296557,2.919380900296557,2.643767873331159,2.2759305148660096,1.8912517850583055,1.4329097601811527,0.9386788965906285,0.5620867891782844,0.3034390674093608,0.12597364991002724,0.01495980114757272,-0.07390531288107206,-0.10066888333369495,-0.09856167851443254,-0.08149662631367585,-0.0651235602558758,-0.04895178568185898,-0.035505488736703325,-0.025045215195602342,-0.016283676759021874,-0.00837655747538803,-0.0012967357468557396,-0.08171277143150606,-0.249689503408245,-0.47284677696165023,-0.7609021319392196
-1.1899839109969907,-1.1899839109969907,-0.9848339935425726,-0.8146086801181347,-0.7474547499042099,-0.5946046502995239,-0.37007379929846174,-0.19427461880303043,-0.048439524058399186,0.07309560772896816,0.1731704460166248,0.287969564883491,0.3404276954921577,0.3399519694941405,0.3155334599153324,0.254729993631755,0.15688628518126777,0.07196909664724203,-0.008517743940981249,-0.09536244245988981,-0.20072290093373185,-0.33883769133876085,-0.45188135042294997,-0.5920447085978543,-0.8085101744135929,-1.1263430989491316
5.750515624545501,5.750515624545501,5.256058149220287,4.664864167172043,4.155292039075882,3.731663638138908,3.342344849999172,2.9951975233165777,2.6865868063196277,2.4454707441310366,2.2745071603406934,2.1213765200132864,2.0076076516900825,1.9287815383144093,1.89158203666153,1.895288284557585,1.9467460718432905,2.0669468228567576,2.2410404960492523,2.441335259173307,2.6644309833185806,2.923487661477528,3.2125455296061762,3.5664229779162286,3.9524047316658857,4.313951717014205
-2.5310913607221184,-2.5310913607221184,-2.112063568312014,-1.7835079521899853,-1.482755499390402,-1.1928678472485916,-0.9538498127213596,-0.7509605766059624,-0.6583972543795362,-0.5690865909467322,-0.4796241785944609,-0.46600691786985254,-0.391546767275502,-0.29441529812379097,-0.20403459190904194,-0.12871543897148083,-0.07285734234275362,-0.023542883628039267,0.02525049564024544,0.03950927784088641,0.033578045795463016,0.02758384424219926,-0.02690256329325095,-0.18811477888706865,-0.39663032258847986,-0.6516658842451751
-2.961940546312005,-2.961940546312005,-2.858616986793971,-2.237434293171435,-1.6641328228094046,-1.206756109011688,-0.8724842445752161,-0.6122081390228569,-0.45748158585230103,-0.30319539598748907,-0.17892033081324143,-0.1026796777685398,-0.007703412191823148,0.06488581005535632,0.11253800876601638,0.126189730507879,0.08217450207119374,0.04513819462863224,0.01863256494433313,-0.03514560644501095,-0.11376858323601705,-0.20965302871846409,-0.30487067381253224,-0.40219707720167625,-0.5494830159841695,-0.7659258764948808
3.661164833847857,3.661164833847857,3.4620104415507837,3.177705146677975,2.936554815774973,2.682288890532703,2.4048574535470624,2.1888429427598743,2.013330360970689,1.885037152401053,1.8098938938131675,1.8357461864991662,1.854728112916666,1.8666750836507406,1.8846826893400501,1.8940079228488782,1.9215623197453395,2.033902694574521,2.222893522165027,2.4772757804746925,2.7869854422571514,3.16357402798066,3.592074290569985,4.086036625615775,4.681578512141704,5.333321386166434
2.737973105841763,2.737973105841763,2.0559759843582452,1.5185825591452,1.1294784610156736,0.8874712422650698,0.7176133896400856,0.5831438588922274,0.43011362386035357,0.2937351875979583,0.15439860413471249,0.08616018997342885,0.011846429112279589,-0.04587215044396231,-0.07721738385299624,-0.06223950946484183,-0.0472663507602333,-0.03456493207535451,-0.024522380665784403,-0.015982263422551466,-0.008174932970005704,-0.0009776848799135595,0.09323986188797494,0.269861008883435,0.5014270259877619,0.7969250140273502
0.41552792303984953,0.41552792303984953,0.29849415361910747,0.4472259008231615,0.5041881330026917,0.4239912797308853,0.37004900793896645,0.3585960202640467,0.33123938810969134,0.2625452655549043,0.19809234163592623,0.26629400238545137,0.3426686633111106,0.3830933489077681,0.3949866901641303,0.3105750915805386,0.18458533350223127,0.0806932773266896,-0.011664891470169438,-0.10470523302632401,-0.21288486075743485,-0.35237355102411255,-0.48192865988691846,-0.6278737805455701,-0.8509454562625527,-1.176999750731406
1.4055001121193649,1.4055001121193649,1.456391930288413,1.5199444906719488,1.5973810185224646,1.6886291422637336,1.7632693412481892,1.8065306464262678,1.8467730555258748,1.9084229453340222,1.9882379896177835,2.0579139835842732,2.0817464526341563,2.070558861572222,2.0467690615118515,2.0182361683421566,2.017685299534826,2.0986974645208103,2.246299931820147,2.4374060126174855,2.657835082790801,2.9121183159890514,3.2081228688468184,3.5512791486750532,3.926606110492811,4.277869803870063
-3.3114680433420443,-3.3114680433420443,-2.7910918883283173,-2.289337546630062,-1.8607487278150312,-1.4687631249815225,-1.1312815767392082,-0.868069847824881,-0.6511269533296833,-0.46613649204924995,-0.31381395182980626,-0.1691522253327294,-0.06466997275932065,0.013341136158390153,0.06416285402583359,0.07458367894175934,0.06376887782484779,0.05495134558439876,0.04693434121266777,0.03990493876304985,0.033911611853837884,0.028698918122283642,0.054110192975784524,0.21193347504065643,0.41552233935882904,0.6635827755058362
0.8669799477418978,0.8669799477418978,0.9448699226597318,0.7473028610572712,0.5533136473530355,0.4156852214216232,0.32130136753275684,0.2415890042621632,0.21652134873469317,0.19661597946637818,0.19472848460799413,0.21370758144174878,0.2226555651873179,0.21120955742366004,0.1987096910002761,0.15446923078280375,0.07360273696383736,0.007169306800414347,-0.05220189668241471,-0.10640497576639861,-0.16747671793614075,-0.24876503075557466,-0.36269668752905665,-0.44466000748130496,-0.5789119198512835,-0.7841643286955595
5.685870258937913,5.685870258937913,5.068790796602108,4.2852864319241295,3.6029802255673755,3.0680355604205483,2.681227289270808,2.3635688892259963,2.144959075913563,1.989215939065346,1.9003275702368272,1.8580693597297473,1.8135786048942093,1.7770607673172696,1.766081026956097,1.7799374788240643,1.8362573077012057,1.9704932295412203,2.171444095892823,2.43223177378035,2.7475073672284953,3.1285286274233206,3.5828128235530534,4.075850652885444,4.670516137906584,5.32186725690756
0.22629995208266757,0.22629995208266757,0.22629995654777757,0.22629995769366565,0.22629995721401416,0.22629995687317989,0.22629995754561494,0.22629995955564833,0.22629996224776774,0.22629996517802553,0.226299967968634,0.22629996898840754,0.2262999690444007,0.2262999694708944,0.2262999705043111,0.2262999715703171,0.22629996873584596,0.22629996332466293,0.22629995827589663,0.22629995529257385,0.22629995433840097,0.22629995433713684,0.22629995366892325,0.22629994999411646,0.22629993883339192,0.2262999102784201
0.17099996406415358,0.17099996406415358,0.17099996166680634,0.17099996034946147,0.17099995998137602,0.17099996008144458,0.17099996046231658,0.1709999606571714,0.1709999602607641,0.17099995951972072,0.17099995833046316,0.170999958008314,0.17099995752529037,0.17099995658929124,0.17099995577146868,0.17099995446355012,0.17099995287419614,0.1709999518420744,0.17099995133998686,0.17099995117232272,0.1709999511538539,0.1709999511851309,0.17099995120830458,0.17099995121919068,0.17099995115742544,0.17099995077633326
-3.0274272362897734e-07,-3.0274272362897734e-07,-3.080281902769656e-07,-3.110516332941276e-07,-3.124948923670182e-07,-3.1270695144622654e-07,-3.130995334112465e-07,-3.149524349020376e-07,-3.220311899462437e-07,-3.3349504754452386e-07,-3.4391573174773824e-07,-3.453615908897203e-07,-3.458743859005752e-07,-3.477259574852917e-07,-3.526957941435923e-07,-3.7613273293303483e-07,-4.52619565081275e-07,-5.520880581256629e-07,-6.292414956640014e-07,-6.662798927375403e-07,-6.75059747530281e-07,-6.750617319999575e-07,-6.814434207609709e-07,-7.045770131149655e-07,-7.568430392597358e-07,-8.637454414701656e-07
-0.2263000328126619,-0.2263000328126619,-0.22630003082594066,-0.22630003087606837,-0.22630003109059113,-0.22630003129268284,-0.22630003071359128,-0.2263000287323704,-0.22630002635058388,-0.22630002410797473,-0.22630002186562834,-0.22630002030867427,-0.22630001955641055,-0.22630001919797674,-0.22630001904243982,-0.226300019155743,-0.22630002181416886,-0.2263000267327733,-0.22630003149739786,-0.22630003444954022,-0.22630003548481303,-0.2263000355339118,-0.2263000361641178,-0.22630004015817196,-0.22630005320239682,-0.22630008904704163
0.17100012818529703,0.17100012818529703,0.17100014459351037,0.17100014955494267,0.1710001500840722,0.17100015004326588,0.17100015224429513,0.17100015848266098,0.1710001679034094,0.17100017815114626,0.1710001869196148,0.17100018943526707,0.171000189691066,0.17100018983986612,0.17100019029332378,0.17100019138088032,0.17100019393137597,0.1710001964902153,0.17100019805438937,0.1710001986643833,0.17100019882031406,0.17100019885098894,0.1710001988399185,0.17100019882340453,0.17100019873880457,0.17100019839326558
-5.730548739307428e-07,-5.730548739307428e-07,-5.966311982377572e-07,-6.07678248823665e-07,-6.115638971922842e-07,-6.120245347293337e-07,-6.145992940893698e-07,-6.299937718557861e-07,-6.625490991855204e-07,-7.029091401022375e-07,-7.427410378396485e-07,-7.495559792032342e-07,-7.502019910309622e-07,-7.507105281043088e-07,-7.510339785050663e-07,-7.5668701523181e-07,-8.098461183656375e-07,-8.951319753813455e-07,-9.679024250502967e-07,-1.0055747674311857e-06,-1.0156949244400525e-06,-1.0158042704172632e-06,-1.0214769963227658e-06,-1.0477221287935794e-06,-1.112665411286913e-06,-1.2579650464426545e-06
0.22629986965917304,0.22629986965917304,0.22629986333613378,0.22629985988431095,0.2262998587748872,0.22629985876650832,0.22629985834636507,0.22629985676677658,0.22629985131520278,0.22629984356399518,0.22629983763106987,0.2262998361200276,0.22629983556565883,0.22629983497397166,0.22629983427231443,0.22629983235503592,0.2262998261264272,0.22629981828521817,0.22629981215727574,0.22629980895558247,0.22629980806288713,0.22629980812752262,0.226299807467047,0.22629980373457736,0.2262997924577094,0.22629976371467048
-0.171000114716003,-0.171000114716003,-0.17100013857487625,-0.17100014656155926,-0.17100014744368927,-0.17100014779023684,-0.17100015084231432,-0.1710001564870523,-0.17100016619432234,-0.17100017640730175,-0.17100018293921423,-0.17100018473218112,-0.171000185003533,-0.17100018517831986,-0.17100018571317033,-0.17100018703426753,-0.17100018859033617,-0.17100018964579236,-0.17100019023031818,-0.17100019048030893,-0.1710001905536698,-0.17100019055853574,-0.17100019054101176,-0.1710001905353238,-0.1710001906025477,-0.1710001909884944
-4.7652521434482113e-07,-4.7652521434482113e-07,-5.041485480265542e-07,-5.171820233655361e-07,-5.208623272441866e-07,-5.209908016093528e-07,-5.245084663176929e-07,-5.358896568046185e-07,-5.713321164971349e-07,-6.235842991938353e-07,-6.631920652179203e-07,-6.6941783098305e-07,-6.701013425135815e-07,-6.708580287184147e-07,-6.715289742927091e-07,-6.842250718573847e-07,-7.503512661163034e-07,-8.404089153281116e-07,-9.087625028078169e-07,-9.405144991200609e-07,-9.474459293577467e-07,-9.47481655583182e-07,-9.543942363619748e-07,-9.782235720298835e-07,-1.0311712907202135e-06,-1.1385103731649724e-06
-0.22630030721739897,-0.22630030721739897,-0.22630034349934838,-0.2263003534123091,-0.22630035407159577,-0.22630035409565077,-0.22630035883420582,-0.22630037033858774,-0.22630038636695027,-0.22630040368812915,-0.22630041876745396,-0.22630042362169098,-0.22630042436526598,-0.22630042441704548,-0.22630042458888888,-0.22630042588048038,-0.22630043097920532,-0.22630043815869946,-0.22630044414952627,-0.2263004474616677,-0.22630044850108186,-0.22630044849916414,-0.22630044911566252,-0.22630045315245803,-0.22630046630268086,-0.22630050236652982
-0.1709998877090793,-0.1709998877090793,-0.17099987400181213,-0.17099987050790846,-0.17099987043246068,-0.17099987052130378,-0.1709998682348219,-0.17099986177558363,-0.1709998512807752,-0.17099983840050967,-0.17099982641469383,-0.17099982187129226,-0.17099982051284965,-0.17099981998001207,-0.17099982027167387,-0.17099982019330381,-0.17099981826052668,-0.17099981605794068,-0.1709998147349439,-0.17099981426763253,-0.17099981418571134,-0.17099981419737584,-0.1709998142164947,-0.17099981423962005,-0.1709998143301776,-0.1709998146799984
-5.703549988895422e-07,-5.703549988895422e-07,-5.823217342930057e-07,-5.871667302653325e-07,-5.884379884703635e-07,-5.885762916634339e-07,-5.948190849172943e-07,-6.191273751636579e-07,-6.725855318022386e-07,-7.484189465689559e-07,-8.256551672093395e-07,-8.492836032940446e-07,-8.532356380653397e-07,-8.540916795490346e-07,-8.544683925046783e-07,-8.564282734968583e-07,-9.019635661952381e-07,-9.808275273056908e-07,-1.0483734210150584e-06,-1.0828471885515969e-06,-1.0916889021755366e-06,-1.0917206995821235e-06,-1.0976669598217069e-06,-1.1244289642561398e-06,-1.1900347258189376e-06,-1.3359319397598888e-06
0.0,3.735084683390882e-14,7.820249050507997e-14,1.082179632821669e-13,-1.0940038668648886e-14,-2.1128261806750016e-14,-2.295241061200451e-15,-6.277595033504526e-15,-6.434455585078472e-15,-4.3827544346499616e-15,-4.674438747923713e-15,-1.2199446152982325e-14,1.9718359105749495e-15,-1.6632011085560868e-15,-3.10435678910157e-15,-2.5026307344530733e-15,-3.3596232858600794e-15,-4.796153464359943e-15,-5.904616002989973e-15,-7.28569409722672e-15,-1.8542446883403427e-14,1.1072258600214003e-13,-1.3787139562478042e-13,-5.555459946195746e-14,-4.5137160225940016e-14,0.0
0.0,2.2630781668746197e-14,7.489912045761106e-14,-1.8032367869758534e-14,1.464409431727349e-14,2.6401180138430096e-15,4.281928992724741e-15,2.5492916698402685e-14,1.7503989304040128e-14,8.424531633683018e-15,7.13004393153412e-15,-3.001631505042069e-14,2.580027891802869e-14,1.2141295770914363e-14,1.6463393144448928e-14,2.510902105844366e-15,1.6526476944589441e-16,-1.1684788290449133e-15,-8.17703323355173e-16,-9.942119753457495e-16,5.017283303247242e-15,-7.130078870511926e-14,8.64652589352942e-14,3.852800671702464e-14,3.228712008793486e-14,0.0
0.0,-1.8114242272224442e-14,-7.815784832974339e-14,-1.4862510699395152e-13,8.970388207098396e-15,4.3825187995739075e-14,-2.426741742561483e-14,-2.0007535606179012e-14,-1.6218204806410322e-14,-8.175972755497317e-15,3.522153050197942e-15,1.1812306494587236e-13,-9.349812008185232e-14,-6.24441282945317e-14,-3.1507701779099944e-14,1.3239021848684384e-14,1.5387481075630118e-14,1.3147672433285622e-14,7.601875663639325e-15,7.43913713082891e-15,2.2921901196738486e-14,-1.6390966522915224e-13,1.6169569423144986e-13,5.157739815516078e-14,3.6268556075403555e-14,0.0
0.0,1.4678159026202164e-14,1.573258958218285e-14,1.4105173661293319e-14,8.338061737624581e-14,-3.822678303114681e-13,5.646063865177525e-14,2.6001025068937647e-14,1.4827786018638176e-14,5.829469851898783e-15,-7.429118768330222e-15,-3.512359142508999e-14,7.614604607184973e-15,2.716380451406563e-14,2.065038761632066e-14,1.3484035494650187e-14,1.5396934415487276e-14,1.9547664874893666e-14,1.2598738538730973e-14,-1.5214625485779421e-15,1.6774872471320505e-15,1.0766264108438546e-13,-3.9465833787303393e-13,-4.8690781449056606e-14,-2.1217786023036724e-15,0.0
0.0,4.385718177743378e-14,3.3320070052776085e-14,4.000359659772969e-16,-4.253438103468437e-14,9.735615149692394e-13,-1.5790068565464907e-13,-4.516109842751275e-14,2.0670245084429822e-14,1.3833967521997e-14,-1.3552114815303372e-14,3.863771097788727e-13,2.0839128776232048e-13,3.8746683715094986e-15,-7.514393413137228e-14,1.6321098077252023e-14,2.0250315501007267e-14,2.8360481076759183e-14,1.5633065605885283e-14,-5.723686187013682e-15,4.697074334108132e-15,-3.978506990645008e-13,3.36817597800167e-13,7.40430592400853e-14,7.440331456174239e-14,0.0
0.0,-3.7763492222387725e-14,-2.607583293057268e-14,1.4150747085821755e-14,-6.201728397367096e-14,-7.462139213977954e-13,1.7175531471885443e-13,3.10390811350653e-14,-3.709226811172322e-14,-3.411296652465198e-14,6.165067023366084e-15,-1.162440744021061e-12,-7.428403033122588e-13,3.3746765310191483e-14,3.048122440166516e-13,-6.320097030431294e-16,-6.847279149608406e-15,-1.6688292569931886e-14,-1.876687464405325e-15,2.0265708033218883e-14,1.7721978866798756e-14,-9.106041892605119e-14,2.27479728934653e-13,3.70964618224823e-15,-3.076710685029586e-14,0.0
0.0,1.0595314715226052e-14,2.6801057730801398e-15,7.0165769684274096e-15,8.049359910548859e-15,-8.94098670783224e-15,4.016009370716495e-14,-1.2427035625201074e-13,-3.228510124230737e-14,2.2931032840011644e-16,2.0340348183480317e-18,-2.0962920883456004e-14,1.0096665531100926e-14,2.51147808363564e-14,3.001040510541656e-15,1.7235628812538788e-15,-2.506714222165397e-16,-2.1191906258855306e-15,-3.3640199713715844e-15,-4.502438504852529e-15,-9.602869235747136e-15,7.24415120673021e-14,-7.808360870305794e-14,-3.365068569665908e-14,-2.4115161591681054e-14,0.0
0.0,-1.1390440373720677e-13,-2.1317380945307392e-14,-1.3724088659321664e-14,2.209589520911673e-15,-1.916568660431023e-14,-5.363999735716982e-14,2.5111019940192645e-13,8.830043193641729e-14,1.214540117485733e-14,2.5317226889851926e-14,-9.661558073673675e-14,5.596587952059991e-14,-3.6044936230101334e-14,1.2015753253483416e-14,-9.290915081793393e-15,-4.324023288070516e-15,-1.0434189659523461e-15,1.2675322845571034e-15,2.383713146591812e-15,-8.12127595774298e-16,6.216955886944661e-14,-2.1822817757252567e-14,-1.3580752564038306e-14,-9.97366882498064e-15,0.0
0.0,-1.3798509825870378e-13,-2.3275041428549488e-14,-1.600731998667321e-14,-3.679137729051611e-15,-5.6516863588896895e-14,1.797159713536195e-14,2.130680998340299e-13,1.2072952631174509e-13,3.7528990437679245e-14,2.712021908134618e-14,-3.705445008559692e-13,2.526159389816035e-13,4.9553740756679757e-14,6.322188276315713e-14,-1.1348010979301465e-14,-5.445802357106089e-15,-1.0683434583359505e-15,5.397744473618573e-15,1.0656256776723019e-14,2.1890582279700635e-14,-6.679987151536895e-14,1.3772194782421667e-13,4.925341113928069e-14,3.390911870332685e-14,0.0
0.0,-5.993033952929777e-14,-8.633009141509786e-15,-5.485805769790557e-15,-5.319278544132716e-15,-4.8268865525176595e-16,-4.551889852342178e-15,-8.792271956715317e-17,-2.443060546684883e-15,-2.8934539012997262e-15,-2.437682546046241e-15,-9.3399907836821e-15,-9.065863058540776e-15,-3.1149712288793868e-15,-6.724755080989838e-15,-1.918459288701697e-15,-1.6147088561097687e-15,-1.6202500458698661e-15,-1.4329678120294398e-15,-1.0730070021100643e-15,-8.387878873279009e-16,6.619427471334184e-14,-8.888843834125723e-14,-3.4708430168914156e-14,-2.3046324533415267e-14,0.0
0.0,7.406034510951658e-14,-5.610556121116511e-15,-7.402711878822675e-15,-1.2216177446217187e-14,9.176417147864459e-14,-3.223797877338764e-14,-2.2319594224150923e-14,-1.1749068585980071e-14,-1.1376287190857832e-14,-1.6077322932061925e-14,1.1799987382156967e-13,-3.1593001354457624e-14,-2.17868585485326e-14,-6.306727257297763e-14,-9.042470351857891e-15,-7.802452154931906e-15,-6.0343723270926e-15,-6.220489168086012e-15,-9.471110565555813e-15,-1.37513838255072e-14,-5.0068839932324616e-15,-4.039018847876671e-14,-3.4069834661534506e-14,-3.280095197359237e-14,0.0
0.0,-1.8856533553750522e-13,-1.6461181362208964e-14,-4.9614565777274225e-15,-3.6528843165691546e-14,4.862234490688484e-13,-1.4081215342344904e-13,-3.7504009560650686e-14,-2.576721994557551e-14,-2.709798346235887e-14,-5.168801439760846e-14,4.591697566979491e-13,-2.162851984635426e-13,-5.190238040413767e-14,-2.2290423382915956e-13,-2.1499703863964458e-14,-1.7572419499450503e-14,-1.1165755133987437e-14,-8.929964858546852e-15,-1.677479106063141e-14,-2.7842406098053663e-14,-1.7988869460375524e-13,1.411721999660331e-13,2.096138275690768e-14,5.191803188195635e-15,0.0
0.0,0.6671806412796671,0.3173208791435937,0.1129917985598925,0.17883421217532258,-0.18238725244940565,-0.7738912366894054,-1.087147223463873,-1.2343155373405674,-1.3015440524533122,-1.3209677745301185,-1.4158474794918283,-1.375566452555811,-1.2477843558906618,-1.1145129985320463,-0.9459572861831881,-0.731194920981294,-0.5731553161895373,-0.43652525643716134,-0.28805446377561633,-0.08684027651236072,0.22371192892247316,0.47449380282990555,0.8313362511423357,1.4765511259765527,2.5119059004746767
0.0,-9.342629365642303,-8.99073796001433,-8.32845930741115,-7.506978371036242,-6.607571133217128,-5.659521374093512,-4.976659820671073,-4.5634604328336135,-4.369042931643206,-4.364202358012693,-4.380525480228888,-4.512532933089706,-4.667559028767223,-4.855430666629512,-4.989411676886418,-5.0228404655449745,-5.067841669573292,-5.114558086608407,-5.146605460422079,-5.208432921490265,-5.3515617692176,-5.362147654952509,-5.221528291726767,-4.867180407614197,-4.133306450244123
0.0,40.03926017067592,37.23227166528932,33.765873663519784,30.743469427347303,28.760745271595958,27.449587321343714,26.43894361459793,25.602545026928585,25.12021671424317,25.018638623917568,25.079722978329222,25.190957681411017,25.288007951711204,25.527326523179386,25.605113236092755,25.256285127175403,24.91902258477765,24.502313327065632,23.92905987612587,23.385807923513006,23.102494820422255,23.34700769493864,24.21162538550597,25.37501997963604,26.580909050333617
0.0,3.438748507012582,3.8836212885264008,2.753544834162358,1.729069537674398,1.0022168252345771,0.5436430994837179,0.21512188027482276,0.07947503223505886,-0.08581084634983908,-0.20506200652862916,-0.2316062385808098,-0.33050158613580166,-0.42021469071780776,-0.49479606496267553,-0.5413293656448686,-0.49573227032016975,-0.4765544967216078,-0.48806216788591483,-0.4331407044016213,-0.31498673602048266,-0.14454422460413183,0.028131348125232755,0.21419070185874056,0.5895553983978168,1.25133594051122
0.0,1.0675355993374316,0.19944732749694896,-1.587735585265122,-3.2673042419726492,-4.43821076618056,-4.922192582345605,-5.281996164736633,-5.106175941127287,-5.001043557873881,-4.9233501022962285,-4.880798443058816,-5.043113850115564,-5.236986402168214,-5.4127631469075395,-5.46467427301331,-5.351333663279744,-5.360618977004487,-5.507470461645052,-5.65397014030157,-5.86102532201095,-6.251449914976362,-6.665499590872094,-6.919100377310213,-7.200394121581035,-7.399950801912308
0.0,20.656661895445215,19.619704136099074,19.94460096882607,20.924725329029698,21.762249620345845,22.049271859824888,22.54030723847989,22.641337988979593,22.840687435331166,23.019589699766367,23.935824848715043,24.85064108461155,25.525999093118507,26.10469998050347,26.16895900105366,25.480267566454742,25.07843691136571,24.933180415753714,24.88999812685146,25.052466323833396,25.672614442732836,26.775265680024386,28.53337594408374,31.159910969403644,34.60521831223431
0.0,2.078444022356845,1.532288527211012,0.4918408396910868,-0.04866861282233799,-0.03349995606973169,-0.00015826951030435324,-0.043532892664552625,-0.0651824570310347,0.015398878011623976,0.0861441845311163,-0.14607505440304425,-0.4274721620098058,-0.6436306172849858,-0.8014538073483531,-0.7431780834919295,-0.5900067062020484,-0.4678139762233593,-0.351612024420488,-0.21801145065307095,-0.028330975753589865,0.2750718028151551,0.574745068245941,0.9521387957707615,1.6240291212498632,2.6904178857822814
0.0,-1.983196130502769,0.06276149129075777,2.147050295479083,3.6799727305120253,4.602490479230667,5.258892646883119,5.706577242345402,6.071554993000814,6.268431811237304,6.435349431037165,6.597738579789694,6.696387387659066,6.6562930844258394,6.532559000687439,6.128794380914437,5.657346058581116,5.352080042289644,5.184343130253252,5.119838934167937,5.136584313145901,5.241851507559142,5.228275502750411,5.04369456960065,4.640398341555284,3.851947156757517
0.0,16.24675973755447,15.932798521872144,17.345625468788032,18.998925629284233,20.565897228233677,22.403875665267975,24.29009211151756,25.89057841266364,27.044500636796684,27.92973585065369,29.321943860597173,30.163422167084278,30.31665730208099,30.111787414198442,28.947163943980204,27.18859064379514,25.834945199878387,24.791926417011695,23.96172459153178,23.326070771358413,22.98127200922098,23.212657706982398,23.98352068672227,25.057811169738564,26.169523563714506
0.0,-1.589716542766143,-1.616080103194343,-1.0946128576537366,-0.6188127930876914,-0.25374616645023396,0.0051100266034578,0.1622580185293695,0.16605729244275416,0.1270405802011811,0.02924743046188276,-0.10387593434719467,-0.23330759761347858,-0.32380028922605414,-0.4040759274903069,-0.41483964815448254,-0.34871316334914126,-0.29886379546037184,-0.2496329875790156,-0.20630734611190188,-0.14343794473894908,-0.018321412211010187,0.2167061155883774,0.35765854892081117,0.6921924495638843,1.3156077532889414
0.0,10.431782462728897,8.820482531927922,7.614871512722769,6.659693789516925,5.810962669067936,5.187527208997491,4.77051655444507,4.5587613998110275,4.4168037837581595,4.350353107392656,4.267572835811517,4.181346074336195,4.096740335885606,4.103326783957423,4.20331926717159,4.317602481101174,4.471352552621702,4.659168943673182,4.927533008099663,5.2986138928094215,5.81578653743771,6.4082724071679875,6.72155382503599,7.054370595574187,7.301218135361996
0.0,48.08949394780783,44.35738824401967,38.71318424194711,34.075364440830086,30.901143443902278,29.138277673259648,27.85272873728598,27.424291806785796,27.065936641036163,26.817288532820466,26.73131191865531,26.2972985884212,25.708154881688408,25.433584390582617,25.138425249388806,24.567771303081443,24.263809636966883,24.10100737754484,24.16660210168805,24.503769429657435,25.255385955123774,26.501926829101723,28.31709931244873,30.986373509428176,34.46737795634924
